City_ID,City,Lat,Lng,Max Temp,Humidity,Cloudiness,Wind Speed,Country,Date
0,nantucket,41.2835,-70.0995,27.03,87,0,4.12,US,1694624687
1,port-aux-francais,-49.35,70.2167,0.36,67,100,16.1,TF,1694624913
2,longyearbyen,78.2186,15.6401,1.91,75,75,7.72,SJ,1694624914
3,hammerfest,70.6634,23.6821,6.25,87,75,7.72,NO,1694624872
4,utrik,11.2278,169.8474,28.3,77,22,6.69,MH,1694624914
5,iqaluit,63.7506,-68.5145,4.83,60,94,11.62,CA,1694624896
6,inhambane,-23.865,35.3833,18.55,63,61,4.13,MZ,1694624914
7,vadso,70.0744,29.7487,9.49,87,75,3.6,NO,1694624915
8,bilibino,68.0546,166.4372,3.5,78,98,1.59,RU,1694624915
9,kayenta,36.7278,-110.2546,18.93,54,9,0.68,US,1694624915
10,adamstown,-25.066,-130.1015,17.37,50,2,6.6,PN,1694624916
11,raducaneni,46.95,27.9333,25.42,42,20,2.82,RO,1694624916
12,albany,42.6001,-73.9662,20.36,92,100,0.58,US,1694624210
13,lompoc,34.6391,-120.4579,15.4,94,100,0.0,US,1694624916
14,kalach,50.4258,41.0261,14.39,54,93,2.37,RU,1694624916
15,olyokminsk,60.3736,120.4264,7.96,87,100,5.54,RU,1694624917
16,bredasdorp,-34.5322,20.0403,12.68,71,0,6.9,ZA,1694624917
17,new norfolk,-42.7826,147.0587,10.72,89,100,1.63,AU,1694624917
18,hawaiian paradise park,19.5933,-154.9731,25.5,86,0,0.0,US,1694624917
19,san antonio de pale,-1.4014,5.6325,23.78,79,77,4.79,GQ,1694624918
20,jamestown,42.097,-79.2353,18.03,67,40,6.17,US,1694624918
21,wailua homesteads,22.0669,-159.378,23.44,91,20,5.66,US,1694624918
22,polyarnyy,69.1989,33.4478,8.7,86,100,3.06,RU,1694624918
23,kodiak,57.79,-152.4072,6.73,93,100,2.06,US,1694624919
24,iskateley,67.6803,53.1512,15.63,75,87,8.67,RU,1694624919
25,ratnagiri,16.9833,73.3,25.95,84,40,1.02,IN,1694624919
26,waitangi,-43.9535,-176.5597,9.9,80,93,6.26,NZ,1694624919
27,kittila,67.6647,24.8936,9.08,87,20,1.54,FI,1694624920
28,east london,-33.0153,27.9116,20.05,62,4,10.45,ZA,1694624920
29,blackmans bay,-43.0167,147.3167,10.07,87,100,1.25,AU,1694624920
30,canosa di puglia,41.2196,16.0675,27.27,40,83,3.34,IT,1694624920
31,monclova,26.9,-101.4167,29.23,52,1,1.79,MX,1694624787
32,edinburgh of the seven seas,-37.0676,-12.3116,14.24,91,85,17.0,SH,1694624921
33,bethel,41.3712,-73.414,25.17,80,100,2.06,US,1694624921
34,yellowknife,62.456,-114.3525,17.88,39,98,3.62,CA,1694624921
35,jonesboro,35.8423,-90.7043,26.87,36,0,6.17,US,1694624684
36,north platte,41.1239,-100.7654,22.29,49,0,5.14,US,1694624704
37,ilulissat,69.2167,-51.1,4.41,73,100,5.27,GL,1694624922
38,tual,-5.6667,132.75,25.24,83,35,9.13,ID,1694624922
39,dos de mayo,-27.0228,-54.6867,11.49,97,100,2.88,AR,1694624701
40,juneau,58.3019,-134.4197,11.0,93,100,4.12,US,1694624705
41,stanley,54.868,-1.6985,14.88,70,20,2.57,GB,1694624923
42,invercargill,-46.4,168.35,12.23,67,100,6.26,NZ,1694624923
43,kangding,30.0513,101.9603,12.38,90,89,0.79,CN,1694624923
44,porto novo,6.4965,2.6036,24.54,90,99,4.66,BJ,1694624924
45,edd,13.9297,41.6925,33.18,64,5,5.34,ER,1694624924
46,puerto natales,-51.7236,-72.4875,4.22,78,100,1.91,CL,1694624924
47,mont-laurier,46.5501,-75.4993,17.79,69,99,3.3,CA,1694624725
48,holualoa,19.6228,-155.9522,24.37,69,0,2.68,US,1694624924
49,dzuunmod,48.2199,97.3744,8.42,76,100,0.55,MN,1694624925
50,puerto ayora,-0.7393,-90.3518,28.98,84,97,3.58,EC,1694624925
51,st. paul,44.9444,-93.0933,17.16,55,0,2.57,US,1694624731
52,grytviken,-54.2811,-36.5092,-8.69,66,26,2.32,GS,1694624925
53,carnarvon,-24.8667,113.6333,19.76,72,52,5.79,AU,1694624926
54,tralee,52.2704,-9.7026,17.14,88,100,6.17,IE,1694624926
55,saint-philippe,-21.3585,55.7679,22.77,83,54,5.04,RE,1694624926
56,fort st. john,56.2499,-120.8529,15.05,39,1,8.19,CA,1694624926
57,port elizabeth,-33.918,25.5701,23.39,70,30,6.36,ZA,1694624926
58,uturoa,-16.7333,-151.4333,25.16,76,99,10.45,PF,1694624927
59,tiksi,71.6872,128.8694,3.75,97,98,1.57,RU,1694624927
60,gadzhiyevo,69.2551,33.3362,8.46,86,100,3.04,RU,1694624927
61,sao jose da coroa grande,-8.8978,-35.1478,26.71,71,23,5.29,BR,1694624927
62,touros,-5.1989,-35.4608,28.96,61,19,8.81,BR,1694624928
63,kallered,57.6099,12.0511,16.69,70,0,3.6,SE,1694624928
64,kirakira,-10.4544,161.9205,24.78,88,100,2.8,SB,1694624928
65,gracias,14.5833,-88.5833,29.81,68,88,1.92,HN,1694624928
66,port mathurin,-19.6833,63.4167,23.29,71,42,6.8,MU,1694624929
67,singleton,-32.5667,151.1833,8.32,97,1,0.45,AU,1694624929
68,gobabis,-22.45,18.9667,22.54,8,0,3.23,NA,1694624929
69,keflavik,64.0049,-22.5624,11.24,62,100,7.2,IS,1694624929
70,plettenberg bay,-34.0527,23.3716,15.51,54,62,2.44,ZA,1694624929
71,ardesen,41.1911,40.9875,19.57,74,29,3.88,TR,1694624930
72,olonkinbyen,70.9221,-8.7187,4.64,86,17,4.47,SJ,1694624930
73,malango,-2.9627,119.9001,17.64,86,87,1.07,ID,1694624930
74,akrehamn,59.2667,5.1833,12.78,62,20,6.69,NO,1694624930
75,cadillac,44.2519,-85.4012,14.95,63,75,1.54,US,1694624931
76,guneysu,40.9776,40.6136,15.92,84,40,3.17,TR,1694624931
77,ushuaia,-54.8,-68.3,4.13,81,97,1.22,AR,1694624931
78,north ward,-19.2454,146.8075,17.95,68,63,3.09,AU,1694624931
79,coahuayana de hidalgo,18.7,-103.6583,32.95,61,35,1.47,MX,1694624932
80,constantia,44.1833,28.65,22.61,60,12,7.35,RO,1694624932
81,boone,39.0334,-92.3335,25.93,45,12,1.72,US,1694624932
82,saint-joseph,-21.3667,55.6167,22.21,84,39,4.06,RE,1694624932
83,talnakh,69.4865,88.3972,11.23,98,100,5.57,RU,1694624932
84,avarua,-21.2078,-159.775,22.03,78,75,4.63,CK,1694624933
85,broome,42.2506,-75.833,23.03,74,75,3.09,US,1694624933
86,prado,-17.3411,-39.2208,25.85,64,26,5.54,BR,1694624933
87,saint-pierre,-21.3393,55.4781,22.82,68,0,5.66,RE,1694624933
88,bordj ghdir,35.9011,4.8981,22.63,51,94,1.21,DZ,1694624933
89,praia da vitoria,38.7333,-27.0667,25.42,89,100,3.16,PT,1694624934
90,el matama,16.7095,33.3565,36.67,27,99,0.38,SD,1694624934
91,namibe,-15.1961,12.1522,17.71,80,28,4.74,AO,1694624934
92,batu pahat,1.8548,102.9325,25.21,88,81,3.04,MY,1694624934
93,gamba,-2.65,10.0,23.81,79,21,4.65,GA,1694624935
94,hamilton,39.1834,-84.5333,24.44,53,0,4.63,US,1694624709
95,taroa,8.7058,171.2275,28.15,75,85,4.94,MH,1694624935
96,pucon,-39.2822,-71.9543,9.28,89,100,2.46,CL,1694624935
97,ribeira grande,38.5167,-28.7,24.32,94,75,3.58,PT,1694624935
98,novyy urengoy,66.0833,76.6333,12.29,69,11,4.39,RU,1694624936
99,kapa'a,22.0752,-159.319,24.18,88,20,5.66,US,1694624936
100,wuwei,37.9281,102.6414,21.46,30,99,2.31,CN,1694624936
101,sao joao da barra,-21.6403,-41.0511,29.05,74,1,9.41,BR,1694624936
102,tazovsky,67.4667,78.7,11.42,76,89,5.71,RU,1694624936
103,laramie,41.3114,-105.5911,20.61,32,57,2.22,US,1694624827
104,tura,25.5198,90.2201,24.09,96,68,1.92,IN,1694624937
105,murwara,23.85,80.4,24.47,96,100,2.28,IN,1694624937
106,guerrero negro,27.9769,-114.0611,24.61,63,0,6.19,MX,1694624937
107,kingston,17.997,-76.7936,32.53,66,20,3.6,JM,1694624635
108,saipan,15.1355,145.701,28.39,89,20,3.09,MP,1694624938
109,west island,-12.1568,96.8225,25.99,78,100,7.72,CC,1694624943
110,college,64.8569,-147.8028,7.67,84,75,0.0,US,1694624943
111,broken hill,-31.95,141.4333,16.62,34,13,4.28,AU,1694624944
112,hermanus,-34.4187,19.2345,13.78,76,0,8.81,ZA,1694624944
113,vorgashor,67.5833,63.95,11.66,74,56,6.32,RU,1694624944
114,isafjordur,66.0755,-23.124,10.02,57,0,4.12,IS,1694624945
115,nemuro,43.3236,145.575,18.06,100,97,0.55,JP,1694624945
116,punta arenas,-53.15,-70.9167,7.06,57,75,5.66,CL,1694624945
117,thunder bay,48.4001,-89.3168,13.99,67,40,2.06,CA,1694624480
118,port alfred,-33.5906,26.891,18.43,82,9,8.17,ZA,1694624946
119,atafu village,-8.5421,-172.5159,28.47,77,13,6.48,TK,1694624946
120,tshabong,-26.05,22.45,20.93,26,0,4.83,BW,1694624946
121,golyshmanovo,56.3979,68.3728,10.83,75,26,2.81,RU,1694624946
122,tonghua,41.7201,125.9219,11.4,91,0,0.86,CN,1694624947
123,kralendijk,12.15,-68.2667,33.99,59,0,5.14,BQ,1694624902
124,camana,-16.6228,-72.7111,20.08,72,74,5.79,PE,1694624947
125,island harbour,50.724,-1.2758,20.52,77,56,3.3,GB,1694624947
126,mooloolaba,-26.6833,153.1167,15.59,94,55,1.77,AU,1694624948
127,tsiombe,-25.3,45.4833,19.37,77,100,7.41,MG,1694624948
128,vilyuchinsk,52.9306,158.4028,15.14,93,100,3.27,RU,1694624948
129,udachny,66.4167,112.4,1.36,92,75,4.99,RU,1694624949
130,wad rawah,15.1603,33.1397,34.56,32,95,0.81,SD,1694624949
131,kimbe,-5.5502,150.1429,23.72,90,100,2.51,PG,1694624949
132,pilar,-9.5972,-35.9567,26.96,71,39,4.98,BR,1694624949
133,minas de marcona,-15.2119,-75.1103,15.15,75,86,8.96,PE,1694624949
134,tokar,18.4254,37.729,33.39,51,21,5.17,SD,1694624950
135,kidal,18.4411,1.4078,39.47,14,32,1.3,ML,1694624950
136,labrador city,52.9463,-66.9114,11.7,85,100,3.02,CA,1694624950
137,floro,61.5996,5.0328,11.98,58,20,5.66,NO,1694624951
138,greymouth,-42.4667,171.2,9.51,82,91,3.56,NZ,1694624951
139,susuman,62.7833,148.1667,3.27,99,100,1.47,RU,1694624951
140,enewetak,11.3474,162.3373,28.97,78,57,8.43,MH,1694624951
141,balaipungut,1.05,101.2833,24.39,80,84,1.43,ID,1694624952
142,margaret river,-33.95,115.0667,13.31,55,100,9.52,AU,1694624952
143,port lincoln,-34.7333,135.8667,19.1,32,100,6.74,AU,1694624952
144,fort mcmurray,56.7268,-111.381,15.77,72,75,4.63,CA,1694624406
145,strelka,58.0728,93.0344,9.2,78,28,0.59,RU,1694624953
146,alice springs,-23.7,133.8833,9.75,34,17,0.0,AU,1694624953
147,gamay,12.3854,125.2979,24.84,91,98,1.89,PH,1694624953
148,torghay,49.6339,63.4981,15.82,55,99,2.53,KZ,1694624953
149,kasamwa,-2.85,32.4333,22.91,67,97,1.53,TZ,1694624953
150,ponta delgada,37.7333,-25.6667,24.4,78,20,3.6,PT,1694624954
151,lihue,21.9789,-159.3672,23.77,90,20,5.66,US,1694624954
152,al kharijah,25.4514,30.5464,31.23,31,0,4.6,EG,1694624954
153,ust-nera,64.5667,143.2,4.08,99,100,0.74,RU,1694624955
154,anadyr,64.75,177.4833,2.28,100,20,1.0,RU,1694624955
155,carloforte,39.145,8.3058,24.67,73,97,4.63,IT,1694624955
156,kavieng,-2.5744,150.7967,26.59,81,100,3.34,PG,1694624955
157,zharkent,44.1628,80.0,17.64,63,100,1.94,KZ,1694624956
158,karratha,-20.7377,116.8463,22.38,64,5,6.12,AU,1694624956
159,qamdo,31.1667,97.2333,2.07,49,0,0.95,CN,1694624956
160,cabo san lucas,22.8909,-109.9124,35.34,66,0,4.12,MX,1694624742
161,st. john's,47.5649,-52.7093,18.71,89,95,1.34,CA,1694624884
162,hobyo,5.3505,48.5268,25.56,84,22,11.74,SO,1694624957
163,emerald,-23.5333,148.1667,13.71,79,0,2.46,AU,1694624957
164,queenstown,-31.8976,26.8753,17.63,28,1,3.97,ZA,1694624957
165,auki,-8.7676,160.7034,24.11,91,100,2.05,SB,1694624957
166,la'ie,21.6477,-157.9253,26.98,85,41,2.68,US,1694624958
167,tahe,52.3333,124.7333,4.25,95,30,1.47,CN,1694624958
168,miastko,54.0028,16.9826,16.05,91,82,7.07,PL,1694624958
169,borogontsy,62.6683,131.1683,5.02,82,88,1.71,RU,1694624959
170,melekeok village,7.4957,134.6367,27.31,83,75,2.57,PW,1694624959
171,panama city beach,30.1766,-85.8055,32.07,68,75,2.06,US,1694624959
172,luanda,-8.8368,13.2343,24.0,69,75,3.09,AO,1694624666
173,whitehorse,60.7161,-135.0538,8.23,65,89,4.02,CA,1694624959
174,acarau,-2.8856,-40.12,31.32,55,2,9.38,BR,1694624960
175,bandarbeyla,9.4942,50.8122,25.53,82,10,14.81,SO,1694624961
176,valle de la pascua,9.2155,-66.0073,34.37,45,28,2.31,VE,1694624961
177,port douglas,-16.4833,145.4667,21.97,65,100,8.7,AU,1694624962
178,niafunke,15.9322,-3.9906,40.94,18,69,5.24,ML,1694624962
179,fallon,39.4735,-118.7774,23.93,33,20,4.63,US,1694624963
180,kuta,-8.7233,115.1723,25.97,88,40,6.26,ID,1694624963
181,nyagan,62.1406,65.3936,12.45,65,27,1.89,RU,1694624963
182,fuengirola,36.54,-4.6247,26.58,69,0,4.12,ES,1694624963
183,seririt,-8.1928,114.9388,23.2,91,40,2.24,ID,1694624967
184,claremont,34.0967,-117.7198,26.7,76,100,3.09,US,1694624969
185,tosontsengel,48.7567,98.2839,9.75,79,100,1.7,MN,1694624976
186,nema,57.5067,50.5011,13.34,69,24,0.29,RU,1694624981
187,la gi,10.6667,107.7833,25.78,85,99,3.98,VN,1694624981
188,mathba,22.2855,89.9629,27.26,88,100,5.62,BD,1694624982
189,sultanah,24.4926,39.5857,39.25,8,0,4.63,SA,1694624982
190,levuka,50.1834,-105.4011,21.53,42,100,4.85,CA,1694624982
191,el bolson,-41.9667,-71.5167,7.97,79,100,2.85,AR,1694624982
192,conduaga,8.862,117.4893,25.06,82,92,0.66,PH,1694624983
193,ixtapa,20.7,-105.2,32.35,66,20,1.79,MX,1694624983
194,alvaraes,-3.2208,-64.8042,33.93,31,38,2.45,BR,1694624983
195,palu,-0.8917,119.8707,22.99,87,83,1.67,ID,1694624983
196,san patricio,28.017,-97.5169,33.97,46,16,0.47,US,1694624984
197,sierra grande,-41.606,-65.3557,16.71,23,3,4.38,AR,1694624984
198,sampit,-2.5333,112.95,23.51,93,71,1.15,ID,1694624984
199,bodaybo,57.8506,114.1933,8.05,96,100,3.22,RU,1694624984
200,angaur state,6.906,134.13,27.71,76,91,4.37,PW,1694624985
201,ghat,24.9647,10.1728,34.27,12,0,2.51,LY,1694624985
202,souillac,-20.5167,57.5167,22.51,74,16,4.53,MU,1694624985
203,knysna,-34.0363,23.0471,15.75,48,63,2.83,ZA,1694624985
204,ibirapitanga,-14.1642,-39.3736,29.93,41,13,3.5,BR,1694624986
205,kastsyukovichy,53.3516,32.0506,14.62,57,61,3.52,BY,1694624986
206,klyuchi,52.2667,79.1667,12.34,85,97,2.11,RU,1694624986
207,yershovo,56.4,46.85,17.45,62,93,1.51,RU,1694624986
208,san jeronimo de juarez,17.1333,-100.4667,31.16,69,23,2.2,MX,1694624987
209,tangalle,6.024,80.7911,25.32,88,70,4.07,LK,1694624966
210,semnan,35.5729,53.3971,24.86,36,0,4.26,IR,1694624987
211,luderitz,-26.6481,15.1594,15.14,69,0,6.37,NA,1694624987
212,georgetown,5.4112,100.3354,27.96,83,20,1.54,MY,1694624839
213,kavaratti,10.5669,72.642,28.28,78,67,6.27,IN,1694624988
214,veinticinco de mayo,-35.4323,-60.1727,17.82,30,3,1.91,AR,1694624988
215,port saint john's,-31.6229,29.5448,18.61,69,0,9.25,ZA,1694624988
216,salanso,12.1833,-4.0833,32.14,54,100,2.14,BF,1694624988
217,thompson,55.7435,-97.8558,18.91,48,96,4.01,CA,1694624989
218,santyoku,37.4406,129.1708,20.43,95,100,2.09,KR,1694624989
219,pindiga,9.9833,10.9333,28.69,59,66,2.41,NG,1694624989
220,bila tserkva,49.8094,30.1121,22.45,33,29,1.64,UA,1694624990
221,arendal,58.4615,8.7725,14.89,57,0,2.22,NO,1694624990
222,ha tinh,18.3333,105.9,24.37,97,100,2.44,VN,1694624990
223,the pas,53.8251,-101.2541,19.89,45,100,4.81,CA,1694624990
224,papatowai,-46.5619,169.4708,10.58,71,100,7.75,NZ,1694624991
225,mapastepec,15.4333,-92.9,32.22,63,99,2.21,MX,1694624991
226,mazamitla,19.9167,-103.0333,21.5,50,90,1.3,MX,1694624991
227,magong,23.5654,119.5863,27.31,77,86,2.48,TW,1694624991
228,bridgewater,44.3835,-64.5155,23.39,97,100,3.6,CA,1694624790
229,qaqortoq,60.7167,-46.0333,5.36,51,11,3.42,GL,1694624992
230,springbok,-29.6643,17.8865,13.77,27,24,2.69,ZA,1694624992
231,minas novas,-17.2186,-42.5903,32.44,27,5,2.7,BR,1694624919
232,yinzhu,35.8786,119.9753,19.94,77,0,2.52,CN,1694624992
233,mrakovo,52.7161,56.6244,11.22,69,81,0.59,RU,1694624993
234,qandala,11.472,49.8728,32.52,60,38,2.72,SO,1694624993
235,cestos city,5.46,-9.5828,25.29,89,100,4.63,LR,1694624993
236,mount pearl,47.5166,-52.7813,18.25,89,99,1.34,CA,1694624993
237,sur,22.5667,59.5289,30.39,64,8,5.43,OM,1694624994
238,pangody,65.85,74.4859,12.38,73,7,4.47,RU,1694624994
239,abepura,-2.6333,140.5833,25.45,83,20,1.03,ID,1694624994
240,dorado,18.4588,-66.2677,36.21,59,75,5.66,PR,1694624994
241,cabedelo,-6.9811,-34.8339,27.37,74,36,8.03,BR,1694624732
242,an nuhud,12.7,28.4333,32.2,39,58,4.59,SD,1694624995
243,saldanha,-33.0117,17.9442,12.97,74,0,6.32,ZA,1694624995
244,bestobe,52.4994,73.0975,11.15,83,83,4.43,KZ,1694624995
245,nova sintra,14.8667,-24.7167,25.04,76,86,5.94,CV,1694624996
246,colonia,50.9333,6.95,18.66,79,100,3.09,DE,1694624761
247,aasiaat,68.7098,-52.8699,5.15,72,100,7.7,GL,1694624996
248,tiquipaya,-17.3382,-66.2189,24.43,10,88,2.24,BO,1694624996
249,qarah bagh,34.9402,61.7759,20.86,29,0,7.84,AF,1694624996
250,calvinia,-31.4707,19.776,14.48,26,28,3.47,ZA,1694624997
251,papao,-17.75,-149.55,23.82,75,98,11.93,PF,1694624997
252,lodja,-3.4833,23.4333,27.31,61,53,0.7,CD,1694624997
253,antofagasta,-23.65,-70.4,20.57,58,0,6.07,CL,1694624997
254,kovalam,8.3667,76.9967,26.05,89,75,1.54,IN,1694624997
255,machico,32.7,-16.7667,26.51,68,20,4.12,PT,1694624998
256,new plymouth,-39.0667,174.0833,9.06,68,59,7.03,NZ,1694624998
257,caleta de carquin,-11.0925,-77.6267,20.08,77,66,4.7,PE,1694624998
258,ulcinj,41.9294,19.2244,28.12,58,57,0.51,ME,1694624998
259,driefontein,-27.0177,30.4498,10.01,64,0,2.47,ZA,1694624999
260,gounou gaya,9.6294,15.5132,21.17,98,91,2.29,TD,1694624999
261,chibougamau,49.9168,-74.3659,17.79,77,100,5.14,CA,1694624999
262,choconta,5.1447,-73.6858,20.63,47,13,4.73,CO,1694625000
263,bati,11.1833,40.0167,24.79,38,94,3.05,ET,1694625000
264,lop buri,14.7981,100.654,23.79,96,100,2.26,TH,1694625000
265,mamuju,-2.6748,118.8885,24.83,86,45,1.14,ID,1694625001
266,tromso,69.6496,18.957,6.01,81,100,3.6,NO,1694625002
267,saynshand,44.8824,110.1163,21.34,28,98,3.59,MN,1694625004
268,lang son,21.8333,106.7333,21.27,98,100,1.94,VN,1694625005
269,betio village,1.358,172.9211,26.02,75,44,2.99,KI,1694625005
270,bemidji,47.4736,-94.8803,16.7,62,40,3.09,US,1694625005
271,hasaki,35.7333,140.8333,25.16,90,10,2.78,JP,1694625006
272,las tablas,7.7667,-80.2833,28.23,77,99,2.8,PA,1694625006
273,cerro de pasco,-10.6833,-76.2667,8.19,59,91,4.81,PE,1694625006
274,dubna,56.7333,37.1667,13.01,69,31,2.0,RU,1694625006
275,weno,7.4515,151.8468,28.5,76,69,4.06,FM,1694625007
276,siteki,-26.45,31.95,14.9,69,26,3.93,SZ,1694625007
277,akureyri,65.6835,-18.0878,12.96,41,20,3.6,IS,1694625008
278,tyukalinsk,55.8732,72.1967,10.67,68,70,3.15,RU,1694625009
279,mahalapye,-23.1041,26.8142,16.74,57,0,7.05,BW,1694625009
280,castelldefels,41.2779,1.9703,26.87,71,20,4.12,ES,1694625009
281,severo-yeniseyskiy,60.3725,93.0408,6.55,76,92,0.33,RU,1694625010
282,mili,6.0815,171.735,28.14,72,89,4.48,MH,1694625010
283,vikhorevka,56.1201,101.1636,8.47,92,73,1.34,RU,1694625010
284,ar rutbah,33.0381,40.2848,29.62,22,0,5.79,IQ,1694625010
285,purwa,26.4667,80.7833,30.01,76,88,1.31,IN,1694625011
286,komatipoort,-25.4332,31.9548,16.7,60,52,3.22,ZA,1694625011
287,tauranga,-37.6861,176.1667,12.14,75,3,3.13,NZ,1694625011
288,margate,51.3813,1.3862,19.06,72,41,1.79,GB,1694624939
289,shimoda,34.6667,138.95,23.39,84,52,1.08,JP,1694625012
290,badger,64.8,-147.5333,7.62,84,75,0.0,US,1694625017
291,zalanga,10.6143,10.1765,28.95,57,16,2.7,NG,1694625018
292,grand island,40.925,-98.342,22.97,45,0,5.66,US,1694625018
293,taoudenni,22.6783,-3.9836,45.31,8,26,2.17,ML,1694625019
294,linda,39.1277,-121.5508,29.86,55,0,1.54,US,1694625019
295,san rafael,-34.6177,-68.3301,15.73,24,65,3.63,AR,1694624914
296,pisco,-13.7,-76.2167,23.03,64,20,7.72,PE,1694625019
297,wenling,28.3669,121.36,25.11,84,100,1.29,CN,1694625019
298,ostersund,63.1792,14.6357,8.67,76,20,6.17,SE,1694625020
299,bereket,39.2446,55.5154,25.34,24,3,3.97,TM,1694625020
300,al jawf,29.5,38.75,29.7,25,0,4.76,SA,1694625020
301,zouerate,22.7187,-12.4521,37.25,19,13,3.5,MR,1694625020
302,paharpur,32.1038,70.9724,36.66,23,0,2.7,PK,1694625021
303,dili,-8.5586,125.5736,24.55,69,8,2.37,TL,1694624955
304,korla,41.7597,86.1469,21.99,40,57,9.54,CN,1694625021
305,lebu,-37.6167,-73.65,11.61,83,100,6.88,CL,1694625021
306,tazacorte,28.629,-17.9293,26.54,65,20,5.14,ES,1694625022
307,grand falls-windsor,48.9332,-55.6649,14.82,92,100,1.43,CA,1694625022
308,usogorsk,63.4106,48.6872,13.24,78,83,3.63,RU,1694625022
309,ambalangoda,6.2355,80.0538,25.94,86,95,2.99,LK,1694625022
310,williamsburg,37.2707,-76.7075,28.23,77,9,0.89,US,1694624727
311,sandnessjoen,66.0217,12.6316,9.06,76,40,3.09,NO,1694625023
312,dakhla,23.6848,-15.958,21.92,81,9,9.08,EH,1694625023
313,nadi,-17.8,177.4167,22.0,88,20,1.03,FJ,1694625023
314,nurabad,34.0734,47.9725,23.04,23,25,1.92,IR,1694625023
315,ancud,-41.8697,-73.8203,9.06,89,100,8.57,CL,1694625024
316,yuryuzan',54.8633,58.4219,14.0,73,98,0.89,RU,1694625024
317,cidade velha,14.9167,-23.6167,28.81,73,63,3.97,CV,1694625024
318,mcpherson,38.3708,-97.6642,25.54,43,99,5.51,US,1694625024
319,charters towers,-20.1,146.2667,12.59,82,23,2.59,AU,1694625025
320,lerwick,60.1545,-1.1494,11.0,56,82,3.76,GB,1694625025
321,altai,46.3722,96.2583,10.46,53,100,2.8,MN,1694625025
322,san bernardo,-33.6,-70.7167,15.27,58,99,0.63,CL,1694625025
323,valparaiso,-33.0393,-71.6273,16.11,67,100,5.34,CL,1694624819
324,salalah,17.0151,54.0924,26.9,85,63,2.05,OM,1694625026
325,keelung,25.1283,121.7419,28.92,77,88,1.16,TW,1694625026
326,decize,46.8285,3.4619,23.82,80,99,0.87,FR,1694625026
327,havre,49.5833,0.3333,20.19,77,20,5.14,FR,1694625027
328,vila velha,-20.3297,-40.2925,28.97,73,20,7.2,BR,1694625027
329,narsipatnam,17.6667,82.6167,24.8,88,100,2.23,IN,1694625027
330,kitimat,54.0524,-128.6534,13.71,99,98,2.24,CA,1694625027
331,selfoss,63.9331,-20.9971,11.69,72,100,4.97,IS,1694625027
332,tamiahua,21.2667,-97.45,31.88,58,0,3.09,MX,1694625028
333,raja,8.4596,25.678,23.27,90,24,0.98,SS,1694625028
334,namtsy,62.7161,129.6658,4.04,91,86,2.16,RU,1694625028
335,cooper's town,26.8667,-77.5167,28.83,72,66,6.87,BS,1694625028
336,basavana bagevadi,16.5833,75.9667,24.57,72,100,7.51,IN,1694624850
337,huarmey,-10.0681,-78.1522,21.51,71,47,5.15,PE,1694625029
338,tanumah,27.1,44.1333,35.03,11,15,4.52,SA,1694625029
339,afif,23.9065,42.9172,32.82,12,83,2.4,SA,1694625030
340,kailua-kona,19.6406,-155.9956,26.44,72,0,2.68,US,1694625030
341,dudinka,69.4058,86.1778,11.46,90,100,8.37,RU,1694625030
342,jayapura,-2.5333,140.7,25.66,90,94,3.3,ID,1694625030
343,seven pagodas,12.6264,80.1722,27.25,81,100,6.88,IN,1694625031
344,banda aceh,5.5577,95.3222,27.29,85,100,3.41,ID,1694624740
345,beledweyne,4.7358,45.2036,31.38,42,88,9.94,SO,1694625031
346,cole harbour,44.6724,-63.4751,22.66,94,100,2.68,CA,1694625031
347,masterton,-40.9597,175.6575,8.82,90,12,3.03,NZ,1694625031
348,xilitla,21.3333,-98.9667,30.95,41,0,2.62,MX,1694625032
349,vallenar,-28.5708,-70.7581,21.99,9,89,3.02,CL,1694625032
350,berdigestyakh,62.0989,126.6992,6.17,91,100,2.67,RU,1694625032
351,manturovo,58.3353,44.7619,13.0,72,7,1.43,RU,1694625033
352,pariaman,-0.619,100.12,24.03,87,24,2.02,ID,1694625033
353,kalabo,-14.97,22.6814,28.6,22,9,2.91,ZM,1694625034
354,el nido,11.1858,119.3956,26.87,84,100,5.94,PH,1694625034
355,bamboo flat,11.7,92.7167,27.52,84,97,7.28,IN,1694625034
356,vorkuta,67.5,64.0,11.57,75,58,6.11,RU,1694625034
357,mankoeng,-23.9,29.8167,9.76,72,10,2.46,ZA,1694625035
358,bubaque,11.2833,-15.8333,28.4,79,97,5.83,GW,1694625035
359,sitka,57.0531,-135.33,11.94,82,100,2.06,US,1694625020
360,puerto armuelles,8.2833,-82.8667,31.99,72,29,0.45,PA,1694625036
361,sao tome,0.3365,6.7273,25.34,81,100,3.88,ST,1694625036
362,okhotsk,59.3833,143.3,6.39,88,81,2.96,RU,1694625036
363,quelimane,-17.8786,36.8883,22.06,81,36,2.43,MZ,1694625036
364,olovyannaya,50.95,115.5667,8.3,51,8,1.42,RU,1694625037
365,dartmouth,44.6713,-63.5772,22.69,94,100,2.68,CA,1694625037
366,batticaloa,7.7102,81.6924,27.73,73,100,0.7,LK,1694625037
367,eraan,9.0629,117.7016,25.16,82,98,1.08,PH,1694625037
368,itacoatiara,-3.1431,-58.4442,39.9,21,98,2.66,BR,1694625038
369,hilo,19.7297,-155.09,25.62,83,0,0.45,US,1694625014
370,kristiansund,63.1115,7.732,11.03,62,20,2.06,NO,1694625038
371,santa elena de uairen,4.6167,-61.1333,29.53,43,36,5.09,VE,1694625038
372,raduzhny,62.0961,77.475,12.81,57,59,1.12,RU,1694625039
373,zvishavane,-20.3267,30.0665,12.93,88,100,2.87,ZW,1694625039
374,hudson,40.7168,-74.0663,26.85,77,20,4.63,US,1694624746
375,zheleznodorozhnyy,55.7503,38.0042,16.72,53,39,1.58,RU,1694625039
376,jelenia gora,50.8997,15.729,20.82,93,82,2.67,PL,1694624764
377,buka,40.8108,69.1986,18.05,28,0,3.27,UZ,1694625040
378,santa rosalia,27.3167,-112.2833,33.32,35,0,1.36,MX,1694625040
379,santana do acarau,-3.4606,-40.2122,37.81,22,7,4.1,BR,1694625040
380,gazojak,41.1875,61.4036,22.12,30,0,5.94,TM,1694625040
381,cheremukhovo,60.3484,59.9851,10.98,77,9,1.61,RU,1694625041
382,mitu,1.1983,-70.1733,35.45,39,31,1.6,CO,1694625041
383,ndola,-12.9587,28.6366,22.52,46,3,5.68,ZM,1694625041
384,orchard homes,46.8633,-114.0484,15.08,67,100,0.0,US,1694624988
385,bhimunipatnam,17.8833,83.4333,26.73,84,100,3.1,IN,1694625042
386,sandown,50.6516,-1.161,20.35,76,57,2.71,GB,1694625042
387,barra de santo antonio,-9.4047,-35.5072,27.6,73,17,5.01,BR,1694624990
388,kalajoki,64.25,23.95,12.73,84,89,2.92,FI,1694625043
389,ubari,26.5921,12.7805,31.82,15,0,4.88,LY,1694625043
390,kayangel,8.0823,134.7173,28.01,76,74,4.76,PW,1694625043
391,den burg,53.0542,4.7972,17.78,61,20,3.09,NL,1694625043
392,bathsheba,13.2167,-59.5167,32.34,74,40,5.14,BB,1694625044
393,san luis de la loma,17.2706,-100.8939,31.44,66,10,2.88,MX,1694625044
394,petropavlovsk-kamchatsky,53.0452,158.6483,14.32,100,100,4.96,RU,1694625044
395,tobelo,1.7284,128.0095,25.61,85,98,2.73,ID,1694625044
396,belle fourche,44.6714,-103.8522,29.17,33,41,2.8,US,1694625044
397,crane,31.3974,-102.3501,23.56,67,99,4.09,US,1694625045
398,kuanda,56.3161,116.0806,8.64,65,99,0.33,RU,1694625045
399,ingeniero jacobacci,-41.3427,-69.5448,8.28,41,85,10.28,AR,1694625045
400,al bardiyah,31.7561,25.0865,25.33,63,0,4.69,LY,1694625045
401,hadibu,12.65,54.0333,26.82,78,34,7.24,YE,1694625046
402,castillos,-34.1667,-53.8333,12.01,71,100,5.98,UY,1694625046
403,lichtenburg,-26.152,26.1597,14.06,46,0,4.18,ZA,1694625046
404,taitung city,22.7583,121.1444,25.85,82,62,1.08,TW,1694625046
405,minna,9.6139,6.5569,27.05,78,49,0.74,NG,1694625047
406,missoula,47.0166,-113.8009,10.22,44,21,3.26,US,1694625002
407,bengkulu,-3.8004,102.2655,23.32,92,10,3.9,ID,1694625047
408,yelizovo,53.1873,158.3805,15.06,100,100,0.89,RU,1694625047
409,egersund,58.4513,5.9997,13.34,62,20,6.8,NO,1694625047
410,chonchi,-42.6128,-73.8092,9.51,97,100,3.88,CL,1694625048
411,nova vicosa,-17.8919,-39.3719,26.28,64,50,6.28,BR,1694625048
412,kalevala,65.2,31.1667,11.19,84,100,2.29,RU,1694625048
413,yamba,-5.9,22.3,23.26,86,95,4.17,CD,1694625048
414,manicore,-5.8092,-61.3003,41.14,18,15,2.23,BR,1694625049
415,santiago,-33.4569,-70.6483,15.71,59,75,2.06,CL,1694625049
416,tarko-sale,64.9225,77.785,15.0,44,11,4.47,RU,1694625049
417,bandon,51.7469,-8.7425,15.77,95,100,7.94,IE,1694625049
418,santona,43.4439,-3.4576,22.17,78,47,2.91,ES,1694625049
419,savelugu,9.6244,-0.8253,29.5,72,98,1.39,GH,1694625050
420,coquimbo,-29.9533,-71.3436,17.01,60,100,4.38,CL,1694625050
421,fort bragg,35.139,-79.006,30.46,61,40,3.09,US,1694624979
422,changji,44.0167,87.3167,17.44,72,0,2.0,CN,1694625039
423,darlowo,54.421,16.4107,16.9,89,92,8.82,PL,1694625050
424,itoman,26.1247,127.6694,28.21,83,10,4.63,JP,1694625051
425,sidi akkacha,36.4647,1.3026,25.37,72,98,6.35,DZ,1694625051
426,duba,27.3513,35.6901,30.38,57,0,3.0,SA,1694625051
427,wolfsburg,52.4333,10.8,15.61,97,90,3.0,DE,1694625051
428,bonny,4.4522,7.1681,26.06,83,99,5.09,NG,1694625051
429,ivdel',60.6911,60.4206,11.22,77,9,1.7,RU,1694625052
430,shenjiamen,29.9576,122.298,23.98,91,100,4.45,CN,1694625052
431,boa vista,2.8197,-60.6733,33.99,40,40,4.63,BR,1694625052
432,olivenza,38.6832,-7.103,32.48,21,15,3.89,ES,1694625052
433,jinghong,21.991,100.7341,21.58,99,100,0.86,CN,1694625053
434,coxen hole,16.3244,-86.5366,30.6,74,40,2.57,HN,1694625053
435,geraldton,-28.7667,114.6,15.23,77,100,5.66,AU,1694625053
436,makubetsu,45.3714,141.8211,17.12,86,100,1.34,JP,1694625053
437,watampone,-4.5386,120.3279,25.02,74,43,3.72,ID,1694625053
438,berezovyy,51.6667,135.7,5.93,79,2,2.45,RU,1694625054
439,hithadhoo,-0.6,73.0833,28.25,77,97,6.91,MV,1694625054
440,mbuji-mayi,-6.15,23.6,23.62,73,100,1.41,CD,1694625054
441,timbuktu,16.7735,-3.0074,35.74,28,50,6.51,ML,1694625054
442,pionerskiy,54.9508,20.2275,22.91,78,92,5.25,RU,1694625054
443,necochea,-38.5473,-58.7368,15.3,44,0,2.71,AR,1694625055
444,la passe,45.5549,-0.8967,25.13,65,5,5.48,FR,1694625055
445,katsuura,35.1333,140.3,25.53,91,10,1.74,JP,1694625055
446,dabakala,8.3667,-4.4333,28.15,79,93,1.28,CI,1694625055
447,moapa valley,36.5805,-114.4703,30.37,32,10,0.6,US,1694625056
448,yingchuan,34.1628,113.4639,19.93,79,9,1.96,CN,1694625056
449,chui,-33.6971,-53.4616,10.7,87,100,6.25,UY,1694625061
450,ribeira brava,32.65,-17.0667,26.51,73,83,0.66,PT,1694625061
451,biga,40.2281,27.2422,19.55,68,1,2.23,TR,1694625062
452,kourou,5.1552,-52.6478,33.03,50,8,5.69,GF,1694624864
453,vikulovo,56.8167,70.6107,10.71,79,2,2.77,RU,1694625062
454,gargalianoi,37.0667,21.6333,24.64,65,0,2.97,GR,1694625062
455,borgo val di taro,44.487,9.7658,23.94,80,44,2.64,IT,1694625063
456,vera cruz,-12.6333,-41.0333,28.08,44,86,2.75,BR,1694625063
457,dryden,49.7833,-92.7503,13.16,54,0,5.14,CA,1694625063
458,driyorejo,-7.3659,112.6219,26.92,78,20,2.57,ID,1694625063
459,ust-kamenogorsk,49.9789,82.6103,11.61,93,100,3.13,KZ,1694625064
460,lisakovsk,52.5369,62.4936,10.81,92,52,2.28,KZ,1694624905
461,fuerte olimpo,-21.0415,-57.8738,26.55,48,88,5.52,PY,1694625064
462,midvagur,62.0511,-7.1939,9.46,81,75,9.26,FO,1694625064
463,eyl,7.9803,49.8164,26.12,78,44,10.88,SO,1694625065
464,fortuna,40.5982,-124.1573,15.51,98,100,0.0,US,1694624948
465,uri,34.0833,74.0333,21.12,91,12,0.15,IN,1694625065
466,orange farm,-26.4833,27.8667,15.56,44,0,3.03,ZA,1694625065
467,arteche,12.2645,125.4048,24.77,90,97,1.97,PH,1694625066
468,parit raja,1.8681,103.1124,27.78,91,77,2.05,MY,1694625066
469,tindouf,27.6711,-8.1474,35.42,15,11,5.63,DZ,1694625066
470,torbat-e jam,35.244,60.6225,21.42,28,0,6.62,IR,1694624867
471,samsat,37.5819,38.4742,24.62,17,0,2.06,TR,1694625067
472,putla villa de guerrero,17.0333,-97.9333,29.22,60,90,1.61,MX,1694625067
473,laguna,38.421,-121.4238,27.97,61,0,1.54,US,1694625067
474,andovoranto,-18.95,49.1,21.38,85,47,1.02,MG,1694625067
475,agneaux,49.119,-1.1061,19.23,79,96,3.79,FR,1694625068
476,sakakah,29.9697,40.2064,32.0,22,0,4.51,SA,1694625068
477,mejit,10.2753,170.8646,28.32,76,40,6.5,MH,1694625068
478,lesozavodsk,45.4794,133.4244,10.95,80,100,0.7,RU,1694625068
479,muynoq,43.7683,59.0214,19.01,56,97,3.91,UZ,1694625069
480,sao felix do xingu,-6.6447,-51.995,39.98,17,12,2.77,BR,1694625069
481,sechura,-5.5569,-80.8222,26.65,51,9,5.72,PE,1694625069
482,yoichi,43.2039,140.7703,20.97,81,100,1.96,JP,1694625069
483,semibratovo,57.3046,39.5369,11.92,63,25,2.55,RU,1694625070
484,palma sola,-23.9634,-64.2987,21.0,17,0,2.88,AR,1694625070
485,alofi,-19.0595,-169.9187,24.31,70,77,7.8,NU,1694625070
486,tolanaro,-25.0319,46.9987,20.49,86,93,7.53,MG,1694625070
487,san clemente,33.427,-117.612,24.59,82,51,1.79,US,1694624996
488,adrar,20.5022,-10.0711,40.25,15,25,5.41,MR,1694625071
489,karyes,37.3,22.5,20.11,47,0,0.7,GR,1694625071
490,taro,-8.3862,115.28,22.0,95,76,1.22,ID,1694625072
491,kingscliff,-28.2667,153.5667,14.87,88,32,2.57,AU,1694625072
492,val-d'or,48.1002,-77.7828,13.05,94,100,2.57,CA,1694625072
493,rengasdengklok,-6.1592,107.2981,25.68,74,2,2.62,ID,1694625072
494,kachug,53.9606,105.8817,8.18,69,100,1.57,RU,1694625073
495,urangan,-25.3,152.9,17.64,74,74,3.43,AU,1694625073
496,mount isa,-20.7333,139.5,17.87,32,37,3.09,AU,1694625073
497,ciro marina,39.3732,17.126,25.63,66,73,4.72,IT,1694625073
498,mount gambier,-37.8333,140.7667,13.73,65,100,3.55,AU,1694625074
499,selkirk,50.1436,-96.8845,20.05,57,30,3.58,CA,1694625074
500,bayanhongor,46.7167,100.1167,8.77,83,100,0.53,MN,1694625074
501,hampton bays,40.869,-72.5176,26.11,80,20,3.6,US,1694625074
502,rio grande,-32.035,-52.0986,13.06,92,100,10.04,BR,1694625075
503,talara,-4.5772,-81.2719,27.42,57,0,8.55,PE,1694625075
504,tuy hoa,13.0833,109.3,27.44,69,94,7.52,VN,1694625075
505,rongelap,11.1635,166.8941,28.09,78,79,6.08,MH,1694625076
506,kerema,-7.9631,145.7785,24.25,88,97,5.29,PG,1694625076
507,mata-utu,-13.2816,-176.1745,27.27,80,11,7.93,WF,1694625076
508,nuuk,64.1835,-51.7216,8.34,66,75,20.06,GL,1694625076
509,gaspe,48.8334,-64.4819,17.12,100,100,4.63,CA,1694625077
510,hami,42.8,93.45,23.24,30,100,3.51,CN,1694625077
511,zahedan,29.4963,60.8629,25.29,19,0,1.46,IR,1694625077
512,parabel',58.6978,81.4825,9.4,87,5,1.86,RU,1694625077
513,concordia,-31.393,-58.0209,14.32,62,91,8.05,AR,1694625077
514,haiku-pauwela,20.9219,-156.3051,26.13,78,20,2.06,US,1694625078
515,saint-jean-de-monts,46.7833,-2.0667,19.35,68,0,4.37,FR,1694625078
516,howard springs,-12.497,131.047,24.95,79,91,4.9,AU,1694625078
517,freeport,40.6576,-73.5832,27.32,75,100,6.17,US,1694625078
518,menongue,-14.6585,17.691,25.86,15,31,2.05,AO,1694625079
519,arar,30.9753,41.0381,31.49,20,0,6.39,SA,1694625079
520,gordonvale,-17.0936,145.7842,19.88,88,100,3.46,AU,1694625079
521,isangel,-19.55,169.2667,21.3,78,100,7.48,VU,1694625079
522,buncrana,55.1333,-7.45,13.87,94,100,8.89,IE,1694625080
523,bouza,14.4229,6.0428,35.05,34,97,2.93,NE,1694625080
524,podporozh'ye,60.9112,34.1706,17.99,67,77,3.48,RU,1694625080
525,galle,6.0367,80.217,25.86,87,94,3.45,LK,1694625080
526,golere,16.2557,-14.1017,38.61,31,8,4.97,SN,1694625080
527,kalaleh,37.3807,55.4916,22.26,62,0,1.07,IR,1694625081
528,thames,-37.1333,175.5333,11.69,66,81,4.04,NZ,1694625081
529,leshan,29.5623,103.7639,21.72,84,11,0.86,CN,1694625081
530,maintirano,-18.0667,44.0167,25.15,80,11,6.65,MG,1694625082
531,kasongo-lunda,-6.4667,16.8167,29.59,45,74,1.53,CD,1694625082
532,kirensk,57.7853,108.1119,6.7,96,95,1.26,RU,1694625082
533,kembe,4.6228,21.8865,21.55,98,98,1.14,CF,1694625082
534,fukuecho,32.6881,128.8419,26.56,87,94,6.54,JP,1694625083
535,colonia menno,-22.3667,-59.8167,16.77,65,100,7.01,PY,1694625083
536,antsiranana,-12.2787,49.2917,23.28,74,3,6.81,MG,1694625083
537,alaghsas,17.0187,8.0168,37.96,17,88,1.24,NE,1694625084
538,jacmel,18.2342,-72.5347,31.91,64,19,3.31,HT,1694625084
539,novyy urgal,51.0736,132.5642,4.07,85,3,1.35,RU,1694625084
540,shalqar,47.8333,59.6,16.57,52,22,2.25,KZ,1694625084
541,glace bay,46.1969,-59.957,22.16,95,100,4.63,CA,1694625084
542,beppu,33.2736,131.4919,25.83,95,88,1.41,JP,1694625085
543,chipinge,-20.1883,32.6236,13.09,92,100,0.88,ZW,1694625085
544,maloye ganyushkino,46.6,49.2667,18.41,70,78,4.51,KZ,1694625085
545,bechar,31.6167,-2.2167,27.59,36,100,3.85,DZ,1694625085
546,tianshui,34.5439,105.6897,14.75,81,38,2.54,CN,1694625086
547,armacao de buzios,-22.7469,-41.8817,27.03,68,0,11.37,BR,1694625086
548,barabai,-2.5833,115.3833,22.79,67,63,0.63,ID,1694625086
549,loikaw,19.6742,97.2094,20.4,97,100,1.1,MM,1694625086
550,ust'-ilimsk,58.0006,102.6619,7.35,93,79,1.02,RU,1694625087
551,dalandzadgad,43.5708,104.425,21.0,22,100,5.7,MN,1694624902
552,soio,-6.1349,12.3689,23.63,78,49,3.38,AO,1694625087
553,lethem,3.3803,-59.7968,35.43,37,67,0.64,GY,1694625087
554,howrah,22.5892,88.3103,28.0,83,75,3.09,IN,1694625088
555,poyarkovo,49.6,128.6833,9.34,87,94,1.87,RU,1694625088
556,prince george,53.9166,-122.753,13.47,62,65,0.89,CA,1694624833
557,shilka,51.85,116.0333,7.55,56,2,1.83,RU,1694625088
558,nabire,-3.3667,135.4833,24.07,94,78,1.66,ID,1694625088
559,linxia chengguanzhen,35.6003,103.2064,14.96,54,5,1.56,CN,1694625089
560,kuala terengganu,5.3302,103.1408,26.38,86,6,3.03,MY,1694625089
561,cumana,10.4635,-64.1775,30.9,61,32,4.27,VE,1694624523
562,nagqu,31.5,92.0,1.26,73,51,1.31,CN,1694625089
563,mordovo,52.0834,40.77,14.47,55,97,2.64,RU,1694625090
564,lata,40.1629,-8.3327,29.95,47,66,3.52,PT,1694625090
565,villa emilio carranza,19.9667,-96.6,30.15,63,3,2.14,MX,1694625090
566,newman,37.3138,-121.0208,25.69,39,0,1.79,US,1694625090
567,mil'kovo,55.6078,37.7956,16.7,54,14,1.9,RU,1694625091
568,port hedland,-20.3167,118.5667,21.03,94,0,3.09,AU,1694625091
569,sao jose de piranhas,-7.1206,-38.5019,35.95,20,6,3.52,BR,1694625091
570,augustow,53.8432,22.9798,22.13,48,47,2.13,PL,1694625091
571,ta`u,-14.2336,-169.5144,26.53,81,25,6.79,AS,1694625091
572,suva,-18.1416,178.4415,23.71,94,75,2.06,FJ,1694625092
573,isabela,6.7085,121.9711,25.86,82,100,1.79,PH,1694625092
574,barranca,-10.75,-77.7667,20.14,73,75,4.92,PE,1694625092
575,viedma,-40.8135,-62.9967,17.81,33,44,7.26,AR,1694625093
576,shache,38.4167,77.2406,25.4,16,0,2.62,CN,1694625093
577,whakatane,-37.9585,176.9854,5.28,99,19,2.83,NZ,1694625093
578,puerto ayacucho,5.6639,-67.6236,33.43,51,86,0.43,VE,1694625093
579,serang,-6.1149,106.1502,24.29,80,5,1.15,ID,1694625093
580,pemangkat,1.1667,108.9667,25.88,84,99,2.38,ID,1694625094
581,sept-iles,50.2001,-66.3821,15.29,94,100,6.69,CA,1694625094
582,cartagena,10.3997,-75.5144,31.79,74,40,3.6,CO,1694625000
583,boguchar,49.9358,40.545,15.29,49,85,1.78,RU,1694625094
584,nsanje,-16.92,35.262,23.01,72,98,3.8,MW,1694624902
585,colac,-38.3333,143.5833,16.16,66,100,0.85,AU,1694625095
586,accra,5.556,-0.1969,25.01,87,100,5.92,GH,1694624954
587,kataba,13.9833,44.3833,21.26,65,59,0.53,YE,1694625095
588,bentota,6.4254,79.9948,25.7,88,89,2.41,LK,1694625095
589,fale old settlement,-9.3852,-171.2468,27.84,78,8,6.53,TK,1694625096
590,vitoria da conquista,-14.8661,-40.8394,28.28,34,19,3.37,BR,1694624939
591,trail,49.0998,-117.7022,20.93,62,4,0.52,CA,1694625096
592,tanjung pandan,-2.75,107.65,24.46,87,6,3.08,ID,1694625096
593,amga,60.8953,131.9608,2.7,91,95,1.79,RU,1694625096
594,tvoroyri,61.5556,-6.8111,10.03,77,99,9.67,FO,1694625097
595,oban,56.4127,-5.4706,10.21,87,100,6.2,GB,1694625097
596,dejen,10.1667,38.1333,12.78,82,52,2.73,ET,1694625097
597,afaahiti,-17.75,-149.2833,22.93,75,99,10.95,PF,1694625097
598,miyako,39.6367,141.9525,21.68,93,40,1.92,JP,1694625098
599,paysandu,-32.3214,-58.0756,16.45,41,90,5.95,UY,1694624861
600,urcos,-13.6861,-71.6228,18.94,32,100,2.67,PE,1694625098
601,sausset-les-pins,43.3314,5.1043,26.9,54,0,5.14,FR,1694625098
602,kanash,55.5086,47.4956,12.3,73,40,1.25,RU,1694625099
603,kathmandu,27.7167,85.3167,23.12,94,75,2.06,NP,1694624642
604,dunedin,-45.8742,170.5036,8.45,66,100,3.6,NZ,1694624888
